timestamp,open,high,low,close,volume
2026-03-11 00:40:00+00:00,9.509,9.509,9.493,9.496,5870.6
2026-03-11 00:45:00+00:00,9.496,9.529,9.495,9.529,8040.8
2026-03-11 00:50:00+00:00,9.529,9.579,9.529,9.571,7932.1
2026-03-11 00:55:00+00:00,9.571,9.572,9.543,9.55,12468.1
2026-03-11 01:00:00+00:00,9.55,9.553,9.516,9.524,7060.5
2026-03-11 01:05:00+00:00,9.524,9.538,9.524,9.535,4356.1
2026-03-11 01:10:00+00:00,9.535,9.546,9.528,9.532,10933.9
2026-03-11 01:15:00+00:00,9.532,9.532,9.51,9.519,7847.8
2026-03-11 01:20:00+00:00,9.519,9.519,9.503,9.505,4546.8
2026-03-11 01:25:00+00:00,9.505,9.522,9.503,9.522,3881.8
2026-03-11 01:30:00+00:00,9.522,9.53,9.514,9.524,3718.0
2026-03-11 01:35:00+00:00,9.524,9.524,9.498,9.513,2419.3
2026-03-11 01:40:00+00:00,9.513,9.531,9.51,9.529,12447.7
2026-03-11 01:45:00+00:00,9.529,9.534,9.52,9.529,6527.4
2026-03-11 01:50:00+00:00,9.529,9.564,9.529,9.551,21834.7
2026-03-11 01:55:00+00:00,9.551,9.556,9.547,9.55,3521.7
2026-03-11 02:00:00+00:00,9.55,9.554,9.536,9.537,2922.7
2026-03-11 02:05:00+00:00,9.537,9.551,9.532,9.549,2356.9
2026-03-11 02:10:00+00:00,9.549,9.553,9.525,9.525,6531.0
2026-03-11 02:15:00+00:00,9.525,9.545,9.524,9.539,5674.5
2026-03-11 02:20:00+00:00,9.539,9.545,9.53,9.539,3792.3
2026-03-11 02:25:00+00:00,9.539,9.54,9.527,9.536,4746.3
2026-03-11 02:30:00+00:00,9.536,9.537,9.506,9.509,6523.8
2026-03-11 02:35:00+00:00,9.509,9.517,9.471,9.493,28669.1
2026-03-11 02:40:00+00:00,9.493,9.509,9.489,9.497,8452.6
2026-03-11 02:45:00+00:00,9.497,9.516,9.487,9.516,3626.1
2026-03-11 02:50:00+00:00,9.516,9.545,9.516,9.538,7442.5
2026-03-11 02:55:00+00:00,9.538,9.556,9.538,9.556,15097.6
2026-03-11 03:00:00+00:00,9.556,9.597,9.553,9.577,15332.4
2026-03-11 03:05:00+00:00,9.577,9.583,9.56,9.572,9514.5
2026-03-11 03:10:00+00:00,9.572,9.583,9.567,9.568,1216.6
2026-03-11 03:15:00+00:00,9.568,9.58,9.549,9.549,3250.2
2026-03-11 03:20:00+00:00,9.549,9.559,9.541,9.545,11080.8
2026-03-11 03:25:00+00:00,9.545,9.549,9.54,9.548,2897.6
2026-03-11 03:30:00+00:00,9.548,9.559,9.544,9.548,3187.7
2026-03-11 03:35:00+00:00,9.548,9.55,9.542,9.547,3291.6
2026-03-11 03:40:00+00:00,9.547,9.551,9.543,9.546,3454.8
2026-03-11 03:45:00+00:00,9.546,9.55,9.537,9.55,5133.3
2026-03-11 03:50:00+00:00,9.55,9.557,9.538,9.538,2179.0
2026-03-11 03:55:00+00:00,9.538,9.545,9.535,9.541,1945.4
2026-03-11 04:00:00+00:00,9.541,9.543,9.527,9.53,3558.7
2026-03-11 04:05:00+00:00,9.53,9.537,9.521,9.532,4064.2
2026-03-11 04:10:00+00:00,9.532,9.558,9.532,9.557,2613.4
2026-03-11 04:15:00+00:00,9.557,9.575,9.551,9.575,10609.8
2026-03-11 04:20:00+00:00,9.575,9.602,9.574,9.601,5511.3
2026-03-11 04:25:00+00:00,9.601,9.643,9.598,9.638,33790.4
2026-03-11 04:30:00+00:00,9.638,9.642,9.627,9.642,7440.9
2026-03-11 04:35:00+00:00,9.642,9.654,9.633,9.637,9668.3
2026-03-11 04:40:00+00:00,9.637,9.643,9.629,9.638,1831.8
2026-03-11 04:45:00+00:00,9.638,9.672,9.637,9.672,6463.6
2026-03-11 04:50:00+00:00,9.672,9.689,9.666,9.687,10431.3
2026-03-11 04:55:00+00:00,9.687,9.693,9.677,9.69,3847.3
2026-03-11 05:00:00+00:00,9.69,9.734,9.659,9.664,31396.5
2026-03-11 05:05:00+00:00,9.664,9.677,9.647,9.649,5583.7
2026-03-11 05:10:00+00:00,9.649,9.66,9.644,9.653,2793.9
2026-03-11 05:15:00+00:00,9.653,9.66,9.613,9.613,8779.1
2026-03-11 05:20:00+00:00,9.613,9.616,9.591,9.595,7907.7
2026-03-11 05:25:00+00:00,9.595,9.609,9.594,9.608,2458.7
2026-03-11 05:30:00+00:00,9.608,9.609,9.575,9.585,7000.9
2026-03-11 05:35:00+00:00,9.585,9.585,9.561,9.561,7922.2
2026-03-11 05:40:00+00:00,9.561,9.562,9.498,9.515,37842.4
2026-03-11 05:45:00+00:00,9.515,9.517,9.496,9.5,11003.3
2026-03-11 05:50:00+00:00,9.5,9.504,9.487,9.49,13775.4
2026-03-11 05:55:00+00:00,9.49,9.5,9.49,9.497,3529.1
2026-03-11 06:00:00+00:00,9.497,9.519,9.493,9.518,12783.6
2026-03-11 06:05:00+00:00,9.518,9.518,9.494,9.494,5627.0
2026-03-11 06:10:00+00:00,9.494,9.52,9.493,9.518,18015.3
2026-03-11 06:15:00+00:00,9.518,9.548,9.516,9.539,15972.8
2026-03-11 06:20:00+00:00,9.539,9.565,9.534,9.565,9596.0
2026-03-11 06:25:00+00:00,9.565,9.579,9.563,9.569,10279.4
2026-03-11 06:30:00+00:00,9.569,9.599,9.563,9.599,14753.7
2026-03-11 06:35:00+00:00,9.599,9.608,9.592,9.601,16995.9
2026-03-11 06:40:00+00:00,9.601,9.607,9.592,9.592,11324.9
2026-03-11 06:45:00+00:00,9.592,9.592,9.562,9.588,8795.0
2026-03-11 06:50:00+00:00,9.588,9.629,9.587,9.596,13059.4
2026-03-11 06:55:00+00:00,9.596,9.616,9.594,9.613,5838.5
2026-03-11 07:00:00+00:00,9.613,9.613,9.578,9.596,38590.2
2026-03-11 07:05:00+00:00,9.596,9.597,9.576,9.593,4009.3
2026-03-11 07:10:00+00:00,9.593,9.596,9.584,9.586,2520.4
2026-03-11 07:15:00+00:00,9.586,9.586,9.568,9.571,9085.4
2026-03-11 07:20:00+00:00,9.571,9.573,9.561,9.568,4294.8
2026-03-11 07:25:00+00:00,9.568,9.57,9.543,9.548,4844.4
2026-03-11 07:30:00+00:00,9.548,9.555,9.523,9.523,6248.1
2026-03-11 07:35:00+00:00,9.523,9.525,9.488,9.494,21326.0
2026-03-11 07:40:00+00:00,9.494,9.498,9.478,9.491,13090.2
2026-03-11 07:45:00+00:00,9.491,9.511,9.491,9.51,10201.3
2026-03-11 07:50:00+00:00,9.51,9.529,9.504,9.506,5194.8
2026-03-11 07:55:00+00:00,9.506,9.522,9.506,9.51,4485.5
2026-03-11 08:00:00+00:00,9.51,9.528,9.502,9.523,5789.0
2026-03-11 08:05:00+00:00,9.523,9.537,9.518,9.52,7468.0
2026-03-11 08:10:00+00:00,9.52,9.525,9.507,9.515,4420.8
2026-03-11 08:15:00+00:00,9.515,9.515,9.49,9.502,6665.1
2026-03-11 08:20:00+00:00,9.502,9.508,9.488,9.493,3240.2
2026-03-11 08:25:00+00:00,9.493,9.51,9.493,9.499,8475.6
2026-03-11 08:30:00+00:00,9.499,9.565,9.499,9.552,31426.8
2026-03-11 08:35:00+00:00,9.552,9.564,9.529,9.544,22183.6
2026-03-11 08:40:00+00:00,9.544,9.555,9.54,9.55,4158.7
2026-03-11 08:45:00+00:00,9.55,9.55,9.524,9.527,6256.1
2026-03-11 08:50:00+00:00,9.527,9.538,9.524,9.527,4458.2
2026-03-11 08:55:00+00:00,9.527,9.548,9.524,9.544,8694.3
2026-03-11 09:00:00+00:00,9.544,9.544,9.529,9.529,2663.9
2026-03-11 09:05:00+00:00,9.529,9.556,9.525,9.555,3177.6
2026-03-11 09:10:00+00:00,9.555,9.561,9.54,9.548,7319.0
2026-03-11 09:15:00+00:00,9.548,9.558,9.547,9.547,4157.2
2026-03-11 09:20:00+00:00,9.547,9.565,9.547,9.548,3746.4
2026-03-11 09:25:00+00:00,9.548,9.556,9.541,9.541,1093.3
2026-03-11 09:30:00+00:00,9.541,9.541,9.524,9.538,4094.7
2026-03-11 09:35:00+00:00,9.538,9.539,9.511,9.53,15731.9
2026-03-11 09:40:00+00:00,9.53,9.55,9.529,9.53,4717.2
2026-03-11 09:45:00+00:00,9.53,9.554,9.53,9.54,8680.6
2026-03-11 09:50:00+00:00,9.54,9.54,9.523,9.534,4612.3
2026-03-11 09:55:00+00:00,9.534,9.537,9.502,9.51,4915.3
2026-03-11 10:00:00+00:00,9.51,9.538,9.507,9.532,6113.9
2026-03-11 10:05:00+00:00,9.532,9.542,9.518,9.541,9091.5
2026-03-11 10:10:00+00:00,9.541,9.543,9.529,9.543,2755.6
2026-03-11 10:15:00+00:00,9.543,9.546,9.538,9.539,1800.8
2026-03-11 10:20:00+00:00,9.539,9.547,9.529,9.547,2824.0
2026-03-11 10:25:00+00:00,9.547,9.56,9.542,9.56,2849.8
2026-03-11 10:30:00+00:00,9.56,9.592,9.558,9.575,8300.5
2026-03-11 10:35:00+00:00,9.575,9.579,9.566,9.57,4716.5
2026-03-11 10:40:00+00:00,9.57,9.598,9.569,9.589,8074.3
2026-03-11 10:45:00+00:00,9.589,9.6,9.578,9.583,10095.9
2026-03-11 10:50:00+00:00,9.583,9.585,9.571,9.574,2615.4
2026-03-11 10:55:00+00:00,9.574,9.577,9.568,9.575,3258.9
2026-03-11 11:00:00+00:00,9.575,9.583,9.563,9.583,8629.0
2026-03-11 11:05:00+00:00,9.583,9.614,9.579,9.609,7541.9
2026-03-11 11:10:00+00:00,9.609,9.61,9.594,9.61,2800.9
2026-03-11 11:15:00+00:00,9.61,9.616,9.584,9.585,12285.6
2026-03-11 11:20:00+00:00,9.585,9.586,9.554,9.555,7004.5
2026-03-11 11:25:00+00:00,9.555,9.56,9.534,9.546,7870.7
2026-03-11 11:30:00+00:00,9.546,9.564,9.546,9.557,4084.2
2026-03-11 11:35:00+00:00,9.557,9.569,9.554,9.563,5446.5
2026-03-11 11:40:00+00:00,9.563,9.563,9.54,9.55,11365.8
2026-03-11 11:45:00+00:00,9.55,9.561,9.544,9.558,2829.2
2026-03-11 11:50:00+00:00,9.558,9.578,9.556,9.559,21720.1
2026-03-11 11:55:00+00:00,9.559,9.56,9.545,9.549,4387.3
2026-03-11 12:00:00+00:00,9.549,9.557,9.519,9.52,54620.8
2026-03-11 12:05:00+00:00,9.52,9.528,9.515,9.527,12640.6
2026-03-11 12:10:00+00:00,9.527,9.565,9.527,9.556,7491.1
2026-03-11 12:15:00+00:00,9.556,9.565,9.545,9.565,7259.7
2026-03-11 12:20:00+00:00,9.565,9.619,9.563,9.605,19006.5
2026-03-11 12:25:00+00:00,9.605,9.615,9.599,9.611,9037.5
2026-03-11 12:30:00+00:00,9.611,9.674,9.599,9.603,103944.1
2026-03-11 12:35:00+00:00,9.603,9.619,9.596,9.615,9555.4
2026-03-11 12:40:00+00:00,9.615,9.623,9.583,9.593,6276.0
2026-03-11 12:45:00+00:00,9.593,9.594,9.577,9.577,7196.1
2026-03-11 12:50:00+00:00,9.577,9.58,9.566,9.58,7800.7
2026-03-11 12:55:00+00:00,9.58,9.6,9.58,9.598,3428.9
2026-03-11 13:00:00+00:00,9.598,9.609,9.594,9.605,5189.0
2026-03-11 13:05:00+00:00,9.605,9.63,9.604,9.62,7198.4
2026-03-11 13:10:00+00:00,9.62,9.704,9.618,9.683,28105.4
2026-03-11 13:15:00+00:00,9.683,9.696,9.661,9.681,28289.9
2026-03-11 13:20:00+00:00,9.681,9.713,9.681,9.702,22454.0
2026-03-11 13:25:00+00:00,9.702,9.717,9.691,9.7,17741.3
2026-03-11 13:30:00+00:00,9.7,9.804,9.7,9.8,65057.6
2026-03-11 13:35:00+00:00,9.8,9.853,9.783,9.845,72433.0
2026-03-11 13:40:00+00:00,9.845,9.856,9.769,9.769,35674.5
2026-03-11 13:45:00+00:00,9.769,9.779,9.686,9.722,52193.7
2026-03-11 13:50:00+00:00,9.722,9.722,9.658,9.686,46555.9
2026-03-11 13:55:00+00:00,9.686,9.725,9.656,9.708,51689.1
2026-03-11 14:00:00+00:00,9.708,9.774,9.706,9.728,63850.8
2026-03-11 14:05:00+00:00,9.728,9.744,9.682,9.684,19776.3
2026-03-11 14:10:00+00:00,9.684,9.692,9.64,9.673,56747.8
2026-03-11 14:15:00+00:00,9.673,9.723,9.665,9.721,16127.6
2026-03-11 14:20:00+00:00,9.721,9.743,9.701,9.701,15726.0
2026-03-11 14:25:00+00:00,9.701,9.73,9.669,9.726,11950.5
2026-03-11 14:30:00+00:00,9.726,9.735,9.685,9.694,19863.4
2026-03-11 14:35:00+00:00,9.694,9.768,9.694,9.748,21835.1
2026-03-11 14:40:00+00:00,9.748,9.752,9.733,9.751,13279.2
2026-03-11 14:45:00+00:00,9.751,9.779,9.719,9.732,12537.6
2026-03-11 14:50:00+00:00,9.732,9.735,9.701,9.716,16198.0
2026-03-11 14:55:00+00:00,9.716,9.716,9.671,9.677,13703.1
2026-03-11 15:00:00+00:00,9.677,9.688,9.615,9.642,27894.0
2026-03-11 15:05:00+00:00,9.642,9.646,9.588,9.603,24864.0
2026-03-11 15:10:00+00:00,9.603,9.615,9.569,9.591,23598.0
2026-03-11 15:15:00+00:00,9.591,9.597,9.571,9.596,12617.0
2026-03-11 15:20:00+00:00,9.596,9.626,9.583,9.623,15601.7
2026-03-11 15:25:00+00:00,9.623,9.626,9.582,9.582,22152.2
2026-03-11 15:30:00+00:00,9.582,9.584,9.497,9.55,68004.2
2026-03-11 15:35:00+00:00,9.55,9.577,9.541,9.573,9960.8
2026-03-11 15:40:00+00:00,9.573,9.594,9.557,9.557,15163.3
2026-03-11 15:45:00+00:00,9.557,9.561,9.523,9.541,19511.4
2026-03-11 15:50:00+00:00,9.541,9.599,9.541,9.588,10860.1
2026-03-11 15:55:00+00:00,9.588,9.603,9.586,9.596,4172.3
2026-03-11 16:00:00+00:00,9.596,9.61,9.571,9.579,14737.0
2026-03-11 16:05:00+00:00,9.579,9.596,9.574,9.577,17394.4
2026-03-11 16:10:00+00:00,9.577,9.6,9.563,9.596,17029.8
2026-03-11 16:15:00+00:00,9.596,9.614,9.58,9.595,8270.2
2026-03-11 16:20:00+00:00,9.595,9.63,9.576,9.592,12092.7
2026-03-11 16:25:00+00:00,9.592,9.606,9.59,9.598,5456.4
2026-03-11 16:30:00+00:00,9.598,9.633,9.591,9.629,33552.7
2026-03-11 16:35:00+00:00,9.629,9.659,9.623,9.632,22894.1
2026-03-11 16:40:00+00:00,9.632,9.657,9.619,9.653,4887.2
2026-03-11 16:45:00+00:00,9.653,9.67,9.624,9.641,18433.9
2026-03-11 16:50:00+00:00,9.641,9.65,9.626,9.63,6182.1
2026-03-11 16:55:00+00:00,9.63,9.631,9.618,9.626,15991.0
2026-03-11 17:00:00+00:00,9.626,9.692,9.625,9.683,27258.1
2026-03-11 17:05:00+00:00,9.683,9.691,9.674,9.684,6782.2
2026-03-11 17:10:00+00:00,9.684,9.692,9.666,9.677,16364.0
2026-03-11 17:15:00+00:00,9.677,9.701,9.677,9.686,11988.9
2026-03-11 17:20:00+00:00,9.686,9.712,9.682,9.705,24289.7
2026-03-11 17:25:00+00:00,9.705,9.741,9.704,9.715,12891.6
2026-03-11 17:30:00+00:00,9.715,9.719,9.664,9.664,7635.6
2026-03-11 17:35:00+00:00,9.664,9.677,9.606,9.63,34670.5
2026-03-11 17:40:00+00:00,9.63,9.67,9.629,9.652,18630.1
2026-03-11 17:45:00+00:00,9.652,9.668,9.647,9.655,9857.6
2026-03-11 17:50:00+00:00,9.655,9.669,9.642,9.647,8665.1
2026-03-11 17:55:00+00:00,9.647,9.675,9.624,9.668,12702.2
2026-03-11 18:00:00+00:00,9.668,9.686,9.664,9.674,14290.0
2026-03-11 18:05:00+00:00,9.674,9.682,9.666,9.67,21596.4
2026-03-11 18:10:00+00:00,9.67,9.704,9.661,9.702,21231.8
2026-03-11 18:15:00+00:00,9.702,9.711,9.681,9.69,9816.9
2026-03-11 18:20:00+00:00,9.69,9.727,9.69,9.701,18979.8
2026-03-11 18:25:00+00:00,9.701,9.726,9.699,9.714,11900.8
2026-03-11 18:30:00+00:00,9.714,9.736,9.702,9.729,30944.4
2026-03-11 18:35:00+00:00,9.729,9.744,9.688,9.688,14222.2
2026-03-11 18:40:00+00:00,9.688,9.713,9.685,9.699,26208.4
2026-03-11 18:45:00+00:00,9.699,9.722,9.697,9.722,5895.8
2026-03-11 18:50:00+00:00,9.722,9.75,9.714,9.733,12445.5
2026-03-11 18:55:00+00:00,9.733,9.745,9.725,9.728,4118.7
2026-03-11 19:00:00+00:00,9.728,9.742,9.708,9.721,10463.3
2026-03-11 19:05:00+00:00,9.721,9.727,9.706,9.707,5155.7
2026-03-11 19:10:00+00:00,9.707,9.718,9.696,9.704,11268.5
2026-03-11 19:15:00+00:00,9.704,9.705,9.686,9.701,6746.8
2026-03-11 19:20:00+00:00,9.701,9.714,9.697,9.714,5867.1
2026-03-11 19:25:00+00:00,9.714,9.719,9.7,9.705,4856.1
2026-03-11 19:30:00+00:00,9.705,9.723,9.687,9.718,7820.8
2026-03-11 19:35:00+00:00,9.718,9.733,9.699,9.699,17825.5
2026-03-11 19:40:00+00:00,9.699,9.706,9.686,9.704,16783.0
2026-03-11 19:45:00+00:00,9.704,9.704,9.688,9.691,7595.5
2026-03-11 19:50:00+00:00,9.691,9.706,9.687,9.706,11520.2
2026-03-11 19:55:00+00:00,9.706,9.706,9.688,9.696,5228.6
2026-03-11 20:00:00+00:00,9.696,9.699,9.665,9.666,14775.8
2026-03-11 20:05:00+00:00,9.666,9.681,9.658,9.675,7043.6
2026-03-11 20:10:00+00:00,9.675,9.681,9.667,9.669,2268.7
2026-03-11 20:15:00+00:00,9.669,9.678,9.665,9.674,7669.5
2026-03-11 20:20:00+00:00,9.674,9.674,9.65,9.653,8631.4
2026-03-11 20:25:00+00:00,9.653,9.658,9.644,9.649,14822.5
2026-03-11 20:30:00+00:00,9.649,9.654,9.631,9.648,11470.1
2026-03-11 20:35:00+00:00,9.648,9.648,9.64,9.647,3096.8
2026-03-11 20:40:00+00:00,9.647,9.661,9.643,9.649,4918.1
2026-03-11 20:45:00+00:00,9.649,9.673,9.64,9.661,13006.4
2026-03-11 20:50:00+00:00,9.661,9.663,9.64,9.657,14351.2
2026-03-11 20:55:00+00:00,9.657,9.665,9.647,9.656,5546.4
2026-03-11 21:00:00+00:00,9.656,9.67,9.632,9.657,12576.4
2026-03-11 21:05:00+00:00,9.657,9.657,9.648,9.651,10363.2
2026-03-11 21:10:00+00:00,9.651,9.659,9.622,9.632,49462.7
2026-03-11 21:15:00+00:00,9.632,9.632,9.612,9.612,11276.3
2026-03-11 21:20:00+00:00,9.612,9.629,9.609,9.629,5767.0
2026-03-11 21:25:00+00:00,9.629,9.631,9.614,9.618,2766.5
2026-03-11 21:30:00+00:00,9.618,9.648,9.618,9.639,5940.4
2026-03-11 21:35:00+00:00,9.639,9.65,9.635,9.635,8647.7
2026-03-11 21:40:00+00:00,9.635,9.643,9.623,9.623,7885.2
2026-03-11 21:45:00+00:00,9.623,9.635,9.622,9.63,3188.0
2026-03-11 21:50:00+00:00,9.63,9.651,9.63,9.649,8545.9
2026-03-11 21:55:00+00:00,9.649,9.651,9.633,9.637,6319.9
2026-03-11 22:00:00+00:00,9.637,9.646,9.612,9.614,10410.2
2026-03-11 22:05:00+00:00,9.614,9.617,9.596,9.607,18233.2
2026-03-11 22:10:00+00:00,9.607,9.656,9.606,9.642,19584.7
2026-03-11 22:15:00+00:00,9.642,9.643,9.629,9.635,1480.6
2026-03-11 22:20:00+00:00,9.635,9.635,9.601,9.611,6856.5
2026-03-11 22:25:00+00:00,9.611,9.616,9.603,9.604,3634.4
2026-03-11 22:30:00+00:00,9.604,9.612,9.601,9.601,7050.7
2026-03-11 22:35:00+00:00,9.601,9.604,9.58,9.59,31966.0
2026-03-11 22:40:00+00:00,9.59,9.6,9.586,9.596,11446.2
2026-03-11 22:45:00+00:00,9.596,9.612,9.594,9.598,5255.5
2026-03-11 22:50:00+00:00,9.598,9.602,9.584,9.589,3264.7
2026-03-11 22:55:00+00:00,9.589,9.601,9.586,9.6,3339.8
2026-03-11 23:00:00+00:00,9.6,9.618,9.6,9.612,8499.8
2026-03-11 23:05:00+00:00,9.612,9.615,9.595,9.598,4335.6
2026-03-11 23:10:00+00:00,9.598,9.603,9.59,9.596,4710.2
2026-03-11 23:15:00+00:00,9.596,9.596,9.574,9.575,4629.5
2026-03-11 23:20:00+00:00,9.575,9.583,9.568,9.579,4962.4
2026-03-11 23:25:00+00:00,9.579,9.58,9.568,9.574,3517.7
2026-03-11 23:30:00+00:00,9.574,9.574,9.547,9.553,11158.5
2026-03-11 23:35:00+00:00,9.553,9.575,9.549,9.556,3821.8
2026-03-11 23:40:00+00:00,9.556,9.563,9.541,9.548,4096.0
2026-03-11 23:45:00+00:00,9.548,9.553,9.527,9.543,11243.1
2026-03-11 23:50:00+00:00,9.543,9.553,9.541,9.546,2366.4
2026-03-11 23:55:00+00:00,9.546,9.547,9.532,9.547,19919.3
2026-03-12 00:00:00+00:00,9.547,9.557,9.535,9.538,7872.0
2026-03-12 00:05:00+00:00,9.538,9.55,9.532,9.55,6643.8
2026-03-12 00:10:00+00:00,9.55,9.553,9.534,9.534,5144.5
2026-03-12 00:15:00+00:00,9.534,9.55,9.518,9.534,12147.4
2026-03-12 00:20:00+00:00,9.534,9.555,9.525,9.552,9565.0
2026-03-12 00:25:00+00:00,9.552,9.556,9.534,9.534,4624.9
2026-03-12 00:30:00+00:00,9.534,9.535,9.51,9.519,6366.1
2026-03-12 00:35:00+00:00,9.519,9.536,9.513,9.532,4099.8
2026-03-12 00:40:00+00:00,9.532,9.539,9.529,9.536,1702.8
2026-03-12 00:45:00+00:00,9.536,9.543,9.529,9.543,1877.6
2026-03-12 00:50:00+00:00,9.543,9.543,9.534,9.539,1468.2
2026-03-12 00:55:00+00:00,9.539,9.544,9.534,9.54,3452.2
2026-03-12 01:00:00+00:00,9.54,9.54,9.504,9.508,8453.2
2026-03-12 01:05:00+00:00,9.508,9.522,9.491,9.519,19598.3
2026-03-12 01:10:00+00:00,9.519,9.527,9.513,9.514,2930.9
2026-03-12 01:15:00+00:00,9.514,9.519,9.504,9.513,4315.4
2026-03-12 01:20:00+00:00,9.513,9.519,9.508,9.516,3044.9
2026-03-12 01:25:00+00:00,9.516,9.517,9.507,9.507,4569.4
2026-03-12 01:30:00+00:00,9.507,9.509,9.489,9.49,6647.6
2026-03-12 01:35:00+00:00,9.49,9.499,9.489,9.499,2956.5
2026-03-12 01:40:00+00:00,9.499,9.517,9.496,9.517,22960.1
2026-03-12 01:45:00+00:00,9.517,9.525,9.499,9.501,6436.4
2026-03-12 01:50:00+00:00,9.501,9.506,9.491,9.5,7205.9
2026-03-12 01:55:00+00:00,9.5,9.506,9.497,9.504,2084.8
2026-03-12 02:00:00+00:00,9.504,9.512,9.49,9.508,10245.8
2026-03-12 02:05:00+00:00,9.508,9.518,9.502,9.511,9889.4
2026-03-12 02:10:00+00:00,9.511,9.516,9.503,9.507,11176.7
2026-03-12 02:15:00+00:00,9.507,9.507,9.485,9.487,7554.0
2026-03-12 02:20:00+00:00,9.487,9.488,9.463,9.477,25934.6
2026-03-12 02:25:00+00:00,9.477,9.488,9.474,9.485,1938.1
2026-03-12 02:30:00+00:00,9.485,9.492,9.474,9.492,11813.2
2026-03-12 02:35:00+00:00,9.492,9.494,9.464,9.472,23941.5
2026-03-12 02:40:00+00:00,9.472,9.491,9.462,9.488,25095.3
2026-03-12 02:45:00+00:00,9.488,9.502,9.488,9.492,8402.2
2026-03-12 02:50:00+00:00,9.492,9.494,9.451,9.455,71079.6
2026-03-12 02:55:00+00:00,9.455,9.458,9.427,9.443,57321.6
2026-03-12 03:00:00+00:00,9.443,9.454,9.431,9.454,12586.4
2026-03-12 03:05:00+00:00,9.454,9.46,9.448,9.457,5420.6
2026-03-12 03:10:00+00:00,9.457,9.458,9.446,9.454,2944.9
2026-03-12 03:15:00+00:00,9.454,9.463,9.453,9.463,4059.3
2026-03-12 03:20:00+00:00,9.463,9.481,9.455,9.474,37173.7
2026-03-12 03:25:00+00:00,9.474,9.48,9.462,9.474,10311.4
2026-03-12 03:30:00+00:00,9.474,9.506,9.468,9.504,10780.8
2026-03-12 03:35:00+00:00,9.504,9.504,9.494,9.497,5242.1
2026-03-12 03:40:00+00:00,9.497,9.505,9.491,9.492,4392.4
2026-03-12 03:45:00+00:00,9.492,9.494,9.462,9.469,14236.7
2026-03-12 03:50:00+00:00,9.469,9.495,9.469,9.488,3630.6
2026-03-12 03:55:00+00:00,9.488,9.497,9.481,9.481,4880.0
2026-03-12 04:00:00+00:00,9.481,9.503,9.475,9.503,15977.5
2026-03-12 04:05:00+00:00,9.503,9.519,9.498,9.518,10802.7
2026-03-12 04:10:00+00:00,9.518,9.519,9.504,9.505,16828.8
2026-03-12 04:15:00+00:00,9.505,9.507,9.496,9.507,7451.6
2026-03-12 04:20:00+00:00,9.507,9.507,9.494,9.494,1547.8
2026-03-12 04:25:00+00:00,9.494,9.495,9.486,9.486,1750.6
2026-03-12 04:30:00+00:00,9.486,9.494,9.475,9.476,17615.4
2026-03-12 04:35:00+00:00,9.476,9.486,9.459,9.485,10749.6
2026-03-12 04:40:00+00:00,9.485,9.49,9.477,9.486,3386.1
2026-03-12 04:45:00+00:00,9.486,9.488,9.475,9.483,2658.0
2026-03-12 04:50:00+00:00,9.483,9.483,9.474,9.478,1986.4
2026-03-12 04:55:00+00:00,9.478,9.478,9.467,9.473,2948.6
2026-03-12 05:00:00+00:00,9.473,9.489,9.468,9.475,7215.7
2026-03-12 05:05:00+00:00,9.475,9.479,9.468,9.476,2220.4
2026-03-12 05:10:00+00:00,9.476,9.484,9.459,9.459,4154.6
2026-03-12 05:15:00+00:00,9.459,9.467,9.458,9.463,2171.0
2026-03-12 05:20:00+00:00,9.463,9.463,9.444,9.452,5774.5
2026-03-12 05:25:00+00:00,9.452,9.456,9.444,9.445,2518.4
2026-03-12 05:30:00+00:00,9.445,9.463,9.445,9.458,5365.3
2026-03-12 05:35:00+00:00,9.458,9.459,9.449,9.452,3136.8
2026-03-12 05:40:00+00:00,9.452,9.468,9.447,9.465,5846.5
2026-03-12 05:45:00+00:00,9.465,9.467,9.456,9.459,6410.6
2026-03-12 05:50:00+00:00,9.459,9.461,9.452,9.46,2947.9
2026-03-12 05:55:00+00:00,9.46,9.469,9.458,9.469,1456.5
2026-03-12 06:00:00+00:00,9.469,9.477,9.455,9.476,6228.8
2026-03-12 06:05:00+00:00,9.476,9.487,9.476,9.487,3051.2
2026-03-12 06:10:00+00:00,9.487,9.499,9.485,9.499,3930.2
2026-03-12 06:15:00+00:00,9.499,9.499,9.489,9.49,4181.6
2026-03-12 06:20:00+00:00,9.49,9.514,9.488,9.5,5264.8
2026-03-12 06:25:00+00:00,9.5,9.51,9.497,9.507,13633.2
2026-03-12 06:30:00+00:00,9.507,9.529,9.507,9.524,6107.6
2026-03-12 06:35:00+00:00,9.524,9.524,9.515,9.515,1832.9
2026-03-12 06:40:00+00:00,9.515,9.528,9.504,9.526,7903.1
2026-03-12 06:45:00+00:00,9.526,9.539,9.523,9.535,9948.2
2026-03-12 06:50:00+00:00,9.535,9.543,9.529,9.543,5818.7
2026-03-12 06:55:00+00:00,9.543,9.544,9.521,9.526,11060.6
2026-03-12 07:00:00+00:00,9.526,9.528,9.518,9.519,6228.1
2026-03-12 07:05:00+00:00,9.519,9.52,9.502,9.509,4848.2
2026-03-12 07:10:00+00:00,9.509,9.52,9.505,9.518,4213.9
2026-03-12 07:15:00+00:00,9.518,9.531,9.516,9.518,4755.1
2026-03-12 07:20:00+00:00,9.518,9.522,9.508,9.519,9286.0
2026-03-12 07:25:00+00:00,9.519,9.529,9.517,9.52,2953.8
2026-03-12 07:30:00+00:00,9.52,9.564,9.516,9.559,23457.8
2026-03-12 07:35:00+00:00,9.559,9.559,9.54,9.554,6733.5
2026-03-12 07:40:00+00:00,9.554,9.563,9.55,9.558,4735.9
2026-03-12 07:45:00+00:00,9.558,9.573,9.556,9.57,7255.3
2026-03-12 07:50:00+00:00,9.57,9.58,9.562,9.576,8456.9
2026-03-12 07:55:00+00:00,9.576,9.582,9.573,9.581,4987.1
2026-03-12 08:00:00+00:00,9.581,9.603,9.579,9.598,14354.9
2026-03-12 08:05:00+00:00,9.598,9.616,9.568,9.577,28546.6
2026-03-12 08:10:00+00:00,9.577,9.593,9.577,9.583,7735.0
2026-03-12 08:15:00+00:00,9.583,9.641,9.577,9.628,26669.3
2026-03-12 08:20:00+00:00,9.628,9.628,9.608,9.611,8553.6
2026-03-12 08:25:00+00:00,9.611,9.613,9.595,9.598,7457.7
2026-03-12 08:30:00+00:00,9.598,9.598,9.568,9.57,11885.5
2026-03-12 08:35:00+00:00,9.57,9.573,9.565,9.567,15181.3
2026-03-12 08:40:00+00:00,9.567,9.567,9.541,9.554,8908.8
2026-03-12 08:45:00+00:00,9.554,9.569,9.551,9.569,3865.3
2026-03-12 08:50:00+00:00,9.569,9.574,9.566,9.569,3720.8
2026-03-12 08:55:00+00:00,9.569,9.572,9.566,9.572,2460.6
2026-03-12 09:00:00+00:00,9.572,9.589,9.563,9.589,10746.7
2026-03-12 09:05:00+00:00,9.589,9.59,9.564,9.566,10886.0
2026-03-12 09:10:00+00:00,9.566,9.572,9.55,9.557,11434.1
2026-03-12 09:15:00+00:00,9.557,9.558,9.514,9.521,12279.4
2026-03-12 09:20:00+00:00,9.521,9.521,9.504,9.52,6452.8
2026-03-12 09:25:00+00:00,9.52,9.533,9.516,9.523,5341.3
2026-03-12 09:30:00+00:00,9.523,9.531,9.519,9.524,7565.2
2026-03-12 09:35:00+00:00,9.524,9.541,9.521,9.541,2312.0
2026-03-12 09:40:00+00:00,9.541,9.631,9.541,9.62,11640.0
2026-03-12 09:45:00+00:00,9.62,9.641,9.561,9.574,17439.8
2026-03-12 09:50:00+00:00,9.574,9.59,9.574,9.582,4953.4
2026-03-12 09:55:00+00:00,9.582,9.585,9.573,9.579,6067.9
2026-03-12 10:00:00+00:00,9.579,9.59,9.569,9.575,11703.9
2026-03-12 10:05:00+00:00,9.575,9.584,9.56,9.567,3143.2
2026-03-12 10:10:00+00:00,9.567,9.58,9.562,9.577,4231.6
2026-03-12 10:15:00+00:00,9.577,9.593,9.576,9.589,1072.2
2026-03-12 10:20:00+00:00,9.589,9.619,9.589,9.608,8119.3
2026-03-12 10:25:00+00:00,9.608,9.622,9.607,9.619,3139.0
2026-03-12 10:30:00+00:00,9.619,9.641,9.592,9.611,37664.2
2026-03-12 10:35:00+00:00,9.611,9.632,9.605,9.63,17078.4
2026-03-12 10:40:00+00:00,9.63,9.648,9.629,9.631,7217.5
2026-03-12 10:45:00+00:00,9.631,9.637,9.619,9.621,12322.7
2026-03-12 10:50:00+00:00,9.621,9.626,9.604,9.616,10780.6
2026-03-12 10:55:00+00:00,9.616,9.62,9.61,9.61,2585.0
2026-03-12 11:00:00+00:00,9.61,9.615,9.597,9.605,6750.9
2026-03-12 11:05:00+00:00,9.605,9.606,9.587,9.6,5526.2
2026-03-12 11:10:00+00:00,9.6,9.601,9.557,9.562,11113.8
2026-03-12 11:15:00+00:00,9.562,9.593,9.562,9.586,7210.3
2026-03-12 11:20:00+00:00,9.586,9.598,9.582,9.586,8476.0
2026-03-12 11:25:00+00:00,9.586,9.586,9.558,9.585,6370.5
2026-03-12 11:30:00+00:00,9.585,9.588,9.574,9.585,3732.1
2026-03-12 11:35:00+00:00,9.585,9.597,9.579,9.591,22319.2
2026-03-12 11:40:00+00:00,9.591,9.592,9.583,9.586,5109.4
2026-03-12 11:45:00+00:00,9.586,9.602,9.579,9.583,11527.6
2026-03-12 11:50:00+00:00,9.583,9.584,9.55,9.556,17705.6
2026-03-12 11:55:00+00:00,9.556,9.571,9.555,9.566,12674.5
2026-03-12 12:00:00+00:00,9.566,9.575,9.546,9.552,12874.1
2026-03-12 12:05:00+00:00,9.552,9.554,9.536,9.554,2450.6
2026-03-12 12:10:00+00:00,9.554,9.567,9.554,9.562,2966.3
2026-03-12 12:15:00+00:00,9.562,9.601,9.555,9.589,9324.4
2026-03-12 12:20:00+00:00,9.589,9.594,9.577,9.577,9883.7
2026-03-12 12:25:00+00:00,9.577,9.595,9.577,9.59,6531.4
2026-03-12 12:30:00+00:00,9.59,9.597,9.57,9.588,4748.6
2026-03-12 12:35:00+00:00,9.588,9.594,9.585,9.587,4929.4
2026-03-12 12:40:00+00:00,9.587,9.602,9.587,9.598,2616.0
2026-03-12 12:45:00+00:00,9.598,9.629,9.594,9.627,10178.4
2026-03-12 12:50:00+00:00,9.627,9.638,9.6,9.602,10797.5
2026-03-12 12:55:00+00:00,9.602,9.609,9.601,9.609,2101.3
2026-03-12 13:00:00+00:00,9.609,9.614,9.599,9.609,5795.7
2026-03-12 13:05:00+00:00,9.609,9.615,9.599,9.601,4587.9
2026-03-12 13:10:00+00:00,9.601,9.606,9.584,9.588,5743.3
2026-03-12 13:15:00+00:00,9.588,9.592,9.555,9.565,11871.1
2026-03-12 13:20:00+00:00,9.565,9.574,9.531,9.546,14707.0
2026-03-12 13:25:00+00:00,9.546,9.571,9.546,9.567,5186.9
2026-03-12 13:30:00+00:00,9.567,9.63,9.55,9.622,24409.2
2026-03-12 13:35:00+00:00,9.622,9.635,9.591,9.605,22151.8
2026-03-12 13:40:00+00:00,9.605,9.614,9.576,9.581,8223.2
2026-03-12 13:45:00+00:00,9.581,9.582,9.524,9.576,32695.4
2026-03-12 13:50:00+00:00,9.576,9.592,9.548,9.551,15735.2
2026-03-12 13:55:00+00:00,9.551,9.563,9.509,9.561,15387.3
2026-03-12 14:00:00+00:00,9.561,9.607,9.561,9.586,14951.6
2026-03-12 14:05:00+00:00,9.586,9.591,9.555,9.576,21616.4
2026-03-12 14:10:00+00:00,9.576,9.586,9.573,9.581,4696.7
2026-03-12 14:15:00+00:00,9.581,9.621,9.544,9.554,24647.6
2026-03-12 14:20:00+00:00,9.554,9.557,9.531,9.55,12186.6
2026-03-12 14:25:00+00:00,9.55,9.554,9.515,9.518,22488.6
2026-03-12 14:30:00+00:00,9.518,9.524,9.489,9.499,20374.6
2026-03-12 14:35:00+00:00,9.499,9.514,9.48,9.483,31153.4
2026-03-12 14:40:00+00:00,9.483,9.487,9.436,9.468,33453.2
2026-03-12 14:45:00+00:00,9.468,9.502,9.448,9.466,30729.0
2026-03-12 14:50:00+00:00,9.466,9.484,9.459,9.484,7414.9
2026-03-12 14:55:00+00:00,9.484,9.496,9.47,9.493,12736.5
2026-03-12 15:00:00+00:00,9.493,9.537,9.493,9.524,31962.2
2026-03-12 15:05:00+00:00,9.524,9.53,9.488,9.491,8014.7
2026-03-12 15:10:00+00:00,9.491,9.53,9.481,9.526,12363.4
2026-03-12 15:15:00+00:00,9.526,9.533,9.512,9.522,13241.9
2026-03-12 15:20:00+00:00,9.522,9.539,9.512,9.539,4489.9
2026-03-12 15:25:00+00:00,9.539,9.609,9.537,9.592,36377.0
2026-03-12 15:30:00+00:00,9.592,9.605,9.581,9.598,12830.8
2026-03-12 15:35:00+00:00,9.598,9.623,9.578,9.623,20776.9
2026-03-12 15:40:00+00:00,9.623,9.624,9.57,9.598,23156.9
2026-03-12 15:45:00+00:00,9.598,9.618,9.577,9.587,32411.1
2026-03-12 15:50:00+00:00,9.587,9.596,9.565,9.575,19023.7
2026-03-12 15:55:00+00:00,9.575,9.584,9.562,9.581,6627.2
2026-03-12 16:00:00+00:00,9.581,9.596,9.573,9.595,15060.0
2026-03-12 16:05:00+00:00,9.595,9.607,9.526,9.541,20963.6
2026-03-12 16:10:00+00:00,9.541,9.573,9.539,9.569,7539.1
2026-03-12 16:15:00+00:00,9.569,9.602,9.565,9.585,16835.7
2026-03-12 16:20:00+00:00,9.585,9.617,9.585,9.589,22393.4
2026-03-12 16:25:00+00:00,9.589,9.589,9.558,9.558,9176.9
2026-03-12 16:30:00+00:00,9.558,9.6,9.551,9.588,7929.8
2026-03-12 16:35:00+00:00,9.588,9.61,9.58,9.607,5697.6
2026-03-12 16:40:00+00:00,9.607,9.614,9.604,9.608,13371.3
2026-03-12 16:45:00+00:00,9.608,9.618,9.577,9.607,9150.7
2026-03-12 16:50:00+00:00,9.607,9.614,9.589,9.602,9924.1
2026-03-12 16:55:00+00:00,9.602,9.605,9.591,9.594,3609.5
2026-03-12 17:00:00+00:00,9.594,9.609,9.586,9.596,5200.2
2026-03-12 17:05:00+00:00,9.596,9.608,9.574,9.58,4330.9
2026-03-12 17:10:00+00:00,9.58,9.607,9.58,9.588,3586.1
2026-03-12 17:15:00+00:00,9.588,9.593,9.557,9.558,3853.6
2026-03-12 17:20:00+00:00,9.558,9.592,9.547,9.579,8536.5
2026-03-12 17:25:00+00:00,9.579,9.587,9.556,9.557,7354.5
2026-03-12 17:30:00+00:00,9.557,9.576,9.552,9.556,5822.8
2026-03-12 17:35:00+00:00,9.556,9.579,9.556,9.571,13081.3
2026-03-12 17:40:00+00:00,9.571,9.574,9.555,9.563,2953.2
2026-03-12 17:45:00+00:00,9.563,9.576,9.533,9.564,7867.7
2026-03-12 17:50:00+00:00,9.564,9.58,9.553,9.553,3796.5
2026-03-12 17:55:00+00:00,9.553,9.557,9.527,9.547,8527.1
2026-03-12 18:00:00+00:00,9.547,9.562,9.537,9.537,4429.0
2026-03-12 18:05:00+00:00,9.537,9.565,9.529,9.565,12342.3
2026-03-12 18:10:00+00:00,9.565,9.574,9.559,9.567,2224.3
2026-03-12 18:15:00+00:00,9.567,9.581,9.559,9.566,5831.1
2026-03-12 18:20:00+00:00,9.566,9.566,9.535,9.562,9548.9
2026-03-12 18:25:00+00:00,9.562,9.578,9.56,9.571,4009.6
2026-03-12 18:30:00+00:00,9.571,9.584,9.561,9.563,5861.4
2026-03-12 18:35:00+00:00,9.563,9.579,9.562,9.566,4698.5
2026-03-12 18:40:00+00:00,9.566,9.566,9.55,9.554,7526.6
2026-03-12 18:45:00+00:00,9.554,9.561,9.545,9.553,6153.0
2026-03-12 18:50:00+00:00,9.553,9.563,9.549,9.551,3318.8
2026-03-12 18:55:00+00:00,9.551,9.554,9.534,9.54,3393.4
2026-03-12 19:00:00+00:00,9.54,9.561,9.535,9.55,6716.3
2026-03-12 19:05:00+00:00,9.55,9.55,9.53,9.544,4254.1
2026-03-12 19:10:00+00:00,9.544,9.549,9.52,9.548,22128.1
2026-03-12 19:15:00+00:00,9.548,9.596,9.548,9.59,9439.6
2026-03-12 19:20:00+00:00,9.59,9.602,9.578,9.59,6113.8
2026-03-12 19:25:00+00:00,9.59,9.61,9.585,9.604,13898.0
2026-03-12 19:30:00+00:00,9.604,9.618,9.601,9.614,12625.8
2026-03-12 19:35:00+00:00,9.614,9.614,9.602,9.607,7532.4
2026-03-12 19:40:00+00:00,9.607,9.607,9.583,9.592,26768.1
2026-03-12 19:45:00+00:00,9.592,9.605,9.582,9.605,29630.2
2026-03-12 19:50:00+00:00,9.605,9.609,9.594,9.604,7036.5
2026-03-12 19:55:00+00:00,9.604,9.614,9.597,9.598,6943.4
2026-03-12 20:00:00+00:00,9.598,9.611,9.595,9.611,7538.9
2026-03-12 20:05:00+00:00,9.611,9.612,9.595,9.605,12196.5
2026-03-12 20:10:00+00:00,9.605,9.605,9.589,9.598,7366.1
2026-03-12 20:15:00+00:00,9.598,9.604,9.588,9.588,11042.2
2026-03-12 20:20:00+00:00,9.588,9.607,9.583,9.607,4739.5
2026-03-12 20:25:00+00:00,9.607,9.613,9.604,9.604,5828.3
2026-03-12 20:30:00+00:00,9.604,9.604,9.59,9.597,5651.1
2026-03-12 20:35:00+00:00,9.597,9.609,9.595,9.609,2576.1
2026-03-12 20:40:00+00:00,9.609,9.611,9.599,9.603,7205.5
2026-03-12 20:45:00+00:00,9.603,9.607,9.596,9.607,3868.0
2026-03-12 20:50:00+00:00,9.607,9.608,9.591,9.595,6581.0
2026-03-12 20:55:00+00:00,9.595,9.607,9.595,9.606,2467.4
2026-03-12 21:00:00+00:00,9.606,9.629,9.606,9.625,9610.1
2026-03-12 21:05:00+00:00,9.625,9.63,9.623,9.627,3639.6
2026-03-12 21:10:00+00:00,9.627,9.66,9.627,9.646,54751.6
2026-03-12 21:15:00+00:00,9.646,9.648,9.625,9.631,6598.1
2026-03-12 21:20:00+00:00,9.631,9.631,9.618,9.624,1707.3
2026-03-12 21:25:00+00:00,9.624,9.629,9.613,9.621,1771.6
2026-03-12 21:30:00+00:00,9.621,9.629,9.613,9.617,3587.5
2026-03-12 21:35:00+00:00,9.617,9.626,9.61,9.621,3272.4
2026-03-12 21:40:00+00:00,9.621,9.629,9.619,9.622,2140.3
2026-03-12 21:45:00+00:00,9.622,9.638,9.618,9.636,4801.2
2026-03-12 21:50:00+00:00,9.636,9.647,9.63,9.646,5352.0
2026-03-12 21:55:00+00:00,9.646,9.661,9.643,9.651,3800.7
2026-03-12 22:00:00+00:00,9.651,9.657,9.642,9.652,5998.0
2026-03-12 22:05:00+00:00,9.652,9.671,9.645,9.666,10113.4
2026-03-12 22:10:00+00:00,9.666,9.689,9.659,9.68,14881.5
2026-03-12 22:15:00+00:00,9.68,9.68,9.662,9.669,6163.1
2026-03-12 22:20:00+00:00,9.669,9.669,9.657,9.662,6809.0
2026-03-12 22:25:00+00:00,9.662,9.674,9.646,9.647,4368.4
2026-03-12 22:30:00+00:00,9.647,9.648,9.64,9.642,7167.6
2026-03-12 22:35:00+00:00,9.642,9.657,9.642,9.652,2978.5
2026-03-12 22:40:00+00:00,9.652,9.657,9.642,9.645,5285.4
2026-03-12 22:45:00+00:00,9.645,9.652,9.63,9.631,7428.6
2026-03-12 22:50:00+00:00,9.631,9.633,9.618,9.623,3928.2
2026-03-12 22:55:00+00:00,9.623,9.643,9.623,9.642,19682.5
2026-03-12 23:00:00+00:00,9.642,9.723,9.64,9.71,44398.2
2026-03-12 23:05:00+00:00,9.71,9.738,9.702,9.711,41898.3
2026-03-12 23:10:00+00:00,9.711,9.723,9.702,9.719,7994.7
2026-03-12 23:15:00+00:00,9.719,9.723,9.7,9.7,22692.8
2026-03-12 23:20:00+00:00,9.7,9.724,9.683,9.683,13460.7
2026-03-12 23:25:00+00:00,9.683,9.691,9.66,9.679,64704.8
2026-03-12 23:30:00+00:00,9.679,9.679,9.663,9.676,6275.9
2026-03-12 23:35:00+00:00,9.676,9.679,9.671,9.678,3955.0
2026-03-12 23:40:00+00:00,9.678,9.687,9.67,9.679,6403.9
2026-03-12 23:45:00+00:00,9.679,9.69,9.661,9.677,6755.7
2026-03-12 23:50:00+00:00,9.677,9.687,9.673,9.678,3101.5
2026-03-12 23:55:00+00:00,9.678,9.679,9.666,9.673,7807.3
2026-03-13 00:00:00+00:00,9.673,9.673,9.649,9.66,13595.5
2026-03-13 00:05:00+00:00,9.66,9.669,9.654,9.669,4856.6
2026-03-13 00:10:00+00:00,9.669,9.716,9.669,9.716,26670.3
2026-03-13 00:15:00+00:00,9.716,9.835,9.715,9.762,124939.5
2026-03-13 00:20:00+00:00,9.762,9.905,9.757,9.866,145527.9
2026-03-13 00:25:00+00:00,9.866,9.876,9.84,9.866,33464.8
2026-03-13 00:30:00+00:00,9.866,9.952,9.866,9.924,90846.2
2026-03-13 00:35:00+00:00,9.924,9.941,9.868,9.882,32659.3
2026-03-13 00:40:00+00:00,9.882,9.887,9.822,9.829,20583.3
2026-03-13 00:45:00+00:00,9.829,9.835,9.797,9.805,36954.8
2026-03-13 00:50:00+00:00,9.805,9.817,9.783,9.794,21748.8
2026-03-13 00:55:00+00:00,9.794,9.823,9.788,9.821,11483.6
2026-03-13 01:00:00+00:00,9.821,9.859,9.82,9.844,15275.6
2026-03-13 01:05:00+00:00,9.844,9.882,9.841,9.879,10273.0
2026-03-13 01:10:00+00:00,9.879,9.887,9.865,9.883,6863.9
2026-03-13 01:15:00+00:00,9.883,9.902,9.87,9.892,12576.5
2026-03-13 01:20:00+00:00,9.892,9.91,9.875,9.884,11699.1
2026-03-13 01:25:00+00:00,9.884,9.899,9.873,9.885,9767.4
2026-03-13 01:30:00+00:00,9.885,9.902,9.879,9.888,16485.1
2026-03-13 01:35:00+00:00,9.888,9.889,9.854,9.86,17264.7
2026-03-13 01:40:00+00:00,9.86,9.937,9.86,9.929,15105.1
2026-03-13 01:45:00+00:00,9.929,9.946,9.92,9.926,11522.6
2026-03-13 01:50:00+00:00,9.926,9.967,9.918,9.958,22069.0
2026-03-13 01:55:00+00:00,9.958,9.96,9.941,9.952,8240.4
2026-03-13 02:00:00+00:00,9.952,10.003,9.933,9.969,75798.1
2026-03-13 02:05:00+00:00,9.969,9.998,9.967,9.99,27519.1
2026-03-13 02:10:00+00:00,9.99,10.009,9.978,9.992,23602.0
2026-03-13 02:15:00+00:00,9.992,10.0,9.957,9.971,20144.0
2026-03-13 02:20:00+00:00,9.971,9.977,9.95,9.951,6737.0
2026-03-13 02:25:00+00:00,9.951,9.96,9.948,9.956,7155.9
2026-03-13 02:30:00+00:00,9.956,9.969,9.954,9.957,10053.5
2026-03-13 02:35:00+00:00,9.957,9.962,9.912,9.912,24057.6
2026-03-13 02:40:00+00:00,9.912,9.915,9.893,9.897,10331.1
2026-03-13 02:45:00+00:00,9.897,9.906,9.879,9.901,12573.8
2026-03-13 02:50:00+00:00,9.901,9.906,9.867,9.878,13157.8
2026-03-13 02:55:00+00:00,9.878,9.9,9.875,9.896,6388.6
2026-03-13 03:00:00+00:00,9.896,9.909,9.873,9.873,14245.5
2026-03-13 03:05:00+00:00,9.873,9.923,9.87,9.91,10324.1
2026-03-13 03:10:00+00:00,9.91,9.919,9.898,9.902,4607.3
2026-03-13 03:15:00+00:00,9.902,9.929,9.896,9.929,5244.8
2026-03-13 03:20:00+00:00,9.929,9.939,9.916,9.932,9383.2
2026-03-13 03:25:00+00:00,9.932,9.936,9.886,9.897,17215.1
2026-03-13 03:30:00+00:00,9.897,9.919,9.881,9.906,64661.8
2026-03-13 03:35:00+00:00,9.906,9.906,9.859,9.86,7395.3
2026-03-13 03:40:00+00:00,9.86,9.877,9.854,9.875,11047.0
2026-03-13 03:45:00+00:00,9.875,9.885,9.864,9.871,7345.1
2026-03-13 03:50:00+00:00,9.871,9.958,9.871,9.958,19730.6
2026-03-13 03:55:00+00:00,9.958,9.979,9.95,9.953,36096.8
2026-03-13 04:00:00+00:00,9.953,9.954,9.929,9.937,17369.9
2026-03-13 04:05:00+00:00,9.937,9.951,9.933,9.942,8678.1
2026-03-13 04:10:00+00:00,9.942,9.947,9.91,9.917,7703.2
2026-03-13 04:15:00+00:00,9.917,9.917,9.907,9.913,8002.9
2026-03-13 04:20:00+00:00,9.913,9.921,9.905,9.919,3920.6
2026-03-13 04:25:00+00:00,9.919,9.919,9.893,9.895,8320.5
2026-03-13 04:30:00+00:00,9.895,9.898,9.87,9.87,10545.8
2026-03-13 04:35:00+00:00,9.87,9.898,9.868,9.896,9891.6
2026-03-13 04:40:00+00:00,9.896,9.906,9.889,9.898,5265.4
2026-03-13 04:45:00+00:00,9.898,9.908,9.892,9.892,5383.9
2026-03-13 04:50:00+00:00,9.892,9.898,9.887,9.894,4681.7
2026-03-13 04:55:00+00:00,9.894,9.919,9.894,9.917,9800.2
2026-03-13 05:00:00+00:00,9.917,9.917,9.883,9.887,13032.4
2026-03-13 05:05:00+00:00,9.887,9.922,9.882,9.907,9646.5
2026-03-13 05:10:00+00:00,9.907,9.919,9.891,9.91,6002.3
2026-03-13 05:15:00+00:00,9.91,9.959,9.91,9.959,7547.7
2026-03-13 05:20:00+00:00,9.959,9.976,9.933,9.933,13442.6
2026-03-13 05:25:00+00:00,9.933,9.948,9.928,9.943,9542.0
2026-03-13 05:30:00+00:00,9.943,9.994,9.941,9.989,11350.1
2026-03-13 05:35:00+00:00,9.989,9.997,9.967,9.972,8357.5
2026-03-13 05:40:00+00:00,9.972,9.983,9.96,9.98,21166.8
2026-03-13 05:45:00+00:00,9.98,9.988,9.952,9.956,9709.8
2026-03-13 05:50:00+00:00,9.956,9.966,9.946,9.954,6052.0
2026-03-13 05:55:00+00:00,9.954,9.957,9.948,9.949,3053.2
2026-03-13 06:00:00+00:00,9.949,9.967,9.934,9.947,15280.1
2026-03-13 06:05:00+00:00,9.947,9.953,9.937,9.946,9829.7
2026-03-13 06:10:00+00:00,9.946,9.947,9.916,9.916,6610.4
2026-03-13 06:15:00+00:00,9.916,9.921,9.905,9.908,14015.0
2026-03-13 06:20:00+00:00,9.908,9.911,9.893,9.898,6288.1
2026-03-13 06:25:00+00:00,9.898,9.898,9.815,9.826,70951.1
2026-03-13 06:30:00+00:00,9.826,9.837,9.803,9.835,47406.4
2026-03-13 06:35:00+00:00,9.835,9.852,9.825,9.847,13402.6
2026-03-13 06:40:00+00:00,9.847,9.851,9.839,9.846,7577.6
2026-03-13 06:45:00+00:00,9.846,9.858,9.823,9.833,21025.5
2026-03-13 06:50:00+00:00,9.833,9.855,9.825,9.855,10741.0
2026-03-13 06:55:00+00:00,9.855,9.865,9.849,9.849,11554.5
2026-03-13 07:00:00+00:00,9.849,9.862,9.827,9.855,21592.6
2026-03-13 07:05:00+00:00,9.855,9.871,9.846,9.863,8328.0
2026-03-13 07:10:00+00:00,9.863,9.888,9.861,9.866,21306.2
2026-03-13 07:15:00+00:00,9.866,9.869,9.848,9.856,7211.6
2026-03-13 07:20:00+00:00,9.856,9.856,9.838,9.851,5718.8
2026-03-13 07:25:00+00:00,9.851,9.862,9.846,9.851,11011.4
2026-03-13 07:30:00+00:00,9.851,9.86,9.827,9.836,10029.8
2026-03-13 07:35:00+00:00,9.836,9.842,9.822,9.822,22814.9
2026-03-13 07:40:00+00:00,9.822,9.845,9.819,9.838,18274.8
2026-03-13 07:45:00+00:00,9.838,9.849,9.837,9.848,8732.5
2026-03-13 07:50:00+00:00,9.848,9.865,9.846,9.85,4071.4
2026-03-13 07:55:00+00:00,9.85,9.857,9.831,9.847,7972.6
2026-03-13 08:00:00+00:00,9.847,9.854,9.818,9.836,28404.4
2026-03-13 08:05:00+00:00,9.836,9.836,9.816,9.817,8372.7
2026-03-13 08:10:00+00:00,9.817,9.822,9.797,9.822,14379.8
2026-03-13 08:15:00+00:00,9.822,9.86,9.815,9.849,6181.5
2026-03-13 08:20:00+00:00,9.849,9.853,9.829,9.838,5216.9
2026-03-13 08:25:00+00:00,9.838,9.844,9.829,9.839,2617.8
2026-03-13 08:30:00+00:00,9.839,9.88,9.839,9.88,17953.3
2026-03-13 08:35:00+00:00,9.88,9.936,9.879,9.907,40046.0
2026-03-13 08:40:00+00:00,9.907,9.907,9.888,9.888,11093.0
2026-03-13 08:45:00+00:00,9.888,9.889,9.835,9.855,36402.5
2026-03-13 08:50:00+00:00,9.855,9.866,9.854,9.858,4713.6
2026-03-13 08:55:00+00:00,9.858,9.863,9.837,9.84,11241.0
2026-03-13 09:00:00+00:00,9.84,9.861,9.835,9.845,16531.4
2026-03-13 09:05:00+00:00,9.845,9.853,9.839,9.842,12186.3
2026-03-13 09:10:00+00:00,9.842,9.845,9.832,9.839,5937.1
2026-03-13 09:15:00+00:00,9.839,9.85,9.809,9.85,20860.9
2026-03-13 09:20:00+00:00,9.85,9.864,9.848,9.851,3336.7
2026-03-13 09:25:00+00:00,9.851,9.878,9.851,9.859,6181.9
2026-03-13 09:30:00+00:00,9.859,9.902,9.858,9.889,37479.1
2026-03-13 09:35:00+00:00,9.889,9.912,9.889,9.9,37022.0
2026-03-13 09:40:00+00:00,9.9,9.933,9.899,9.922,9941.7
2026-03-13 09:45:00+00:00,9.922,9.938,9.915,9.929,8166.1
2026-03-13 09:50:00+00:00,9.929,9.962,9.927,9.948,20600.2
2026-03-13 09:55:00+00:00,9.948,9.956,9.94,9.943,12310.2
2026-03-13 10:00:00+00:00,9.943,9.995,9.939,9.984,40712.5
2026-03-13 10:05:00+00:00,9.984,9.986,9.964,9.973,25227.5
2026-03-13 10:10:00+00:00,9.973,9.985,9.967,9.975,15512.0
2026-03-13 10:15:00+00:00,9.975,9.993,9.959,9.99,39127.7
2026-03-13 10:20:00+00:00,9.99,9.999,9.965,9.98,18478.4
2026-03-13 10:25:00+00:00,9.98,9.99,9.978,9.986,6750.8
2026-03-13 10:30:00+00:00,9.986,10.014,9.976,9.993,32020.4
2026-03-13 10:35:00+00:00,9.993,10.001,9.978,9.987,24894.2
2026-03-13 10:40:00+00:00,9.987,9.996,9.978,9.989,13636.0
2026-03-13 10:45:00+00:00,9.989,10.039,9.983,10.028,33276.3
2026-03-13 10:50:00+00:00,10.028,10.028,10.012,10.017,10867.7
2026-03-13 10:55:00+00:00,10.017,10.017,9.996,10.009,9667.6
2026-03-13 11:00:00+00:00,10.009,10.013,9.98,9.995,11225.9
2026-03-13 11:05:00+00:00,9.995,10.004,9.985,10.002,4317.9
2026-03-13 11:10:00+00:00,10.002,10.015,9.99,9.992,29502.8
2026-03-13 11:15:00+00:00,9.992,10.01,9.988,10.007,9076.8
2026-03-13 11:20:00+00:00,10.007,10.007,9.981,9.989,5080.3
2026-03-13 11:25:00+00:00,9.989,10.009,9.983,9.999,33193.6
2026-03-13 11:30:00+00:00,9.999,10.007,9.99,9.993,7242.7
2026-03-13 11:35:00+00:00,9.993,10.001,9.987,9.989,3624.9
2026-03-13 11:40:00+00:00,9.989,10.009,9.989,10.004,8895.6
2026-03-13 11:45:00+00:00,10.004,10.006,9.989,10.0,11361.1
2026-03-13 11:50:00+00:00,10.0,10.008,9.99,10.0,14865.5
2026-03-13 11:55:00+00:00,10.0,10.009,9.998,10.004,5681.5
2026-03-13 12:00:00+00:00,10.004,10.066,10.0,10.05,73655.1
2026-03-13 12:05:00+00:00,10.05,10.056,10.019,10.034,68904.6
2026-03-13 12:10:00+00:00,10.034,10.036,9.987,10.001,31849.1
2026-03-13 12:15:00+00:00,10.001,10.021,9.988,10.021,26209.3
2026-03-13 12:20:00+00:00,10.021,10.048,10.014,10.03,20823.9
2026-03-13 12:25:00+00:00,10.03,10.049,10.007,10.049,20868.2
2026-03-13 12:30:00+00:00,10.049,10.135,10.049,10.099,187356.5
2026-03-13 12:35:00+00:00,10.099,10.107,10.084,10.103,36845.0
2026-03-13 12:40:00+00:00,10.103,10.114,10.093,10.097,22429.3
2026-03-13 12:45:00+00:00,10.097,10.166,10.097,10.14,70876.4
2026-03-13 12:50:00+00:00,10.14,10.142,10.102,10.107,16838.6
2026-03-13 12:55:00+00:00,10.107,10.111,10.086,10.087,13054.3
2026-03-13 13:00:00+00:00,10.087,10.102,10.069,10.091,24184.7
2026-03-13 13:05:00+00:00,10.091,10.124,10.091,10.124,37567.5
2026-03-13 13:10:00+00:00,10.124,10.157,10.116,10.125,37434.6
2026-03-13 13:15:00+00:00,10.125,10.239,10.114,10.219,194859.2
2026-03-13 13:20:00+00:00,10.219,10.219,10.135,10.166,49426.9
2026-03-13 13:25:00+00:00,10.166,10.184,10.155,10.174,39204.8
2026-03-13 13:30:00+00:00,10.174,10.213,10.169,10.175,38797.0
2026-03-13 13:35:00+00:00,10.175,10.214,10.139,10.207,50939.4
2026-03-13 13:40:00+00:00,10.207,10.263,10.192,10.261,59293.7
2026-03-13 13:45:00+00:00,10.261,10.278,10.2,10.207,74026.2
2026-03-13 13:50:00+00:00,10.207,10.229,10.181,10.207,86014.5
2026-03-13 13:55:00+00:00,10.207,10.211,10.173,10.209,30919.9
2026-03-13 14:00:00+00:00,10.209,10.252,10.177,10.187,53688.5
2026-03-13 14:05:00+00:00,10.187,10.214,10.157,10.184,22936.3
2026-03-13 14:10:00+00:00,10.184,10.207,10.175,10.195,12670.9
2026-03-13 14:15:00+00:00,10.195,10.206,10.176,10.189,20848.3
2026-03-13 14:20:00+00:00,10.189,10.224,10.168,10.187,49593.6
2026-03-13 14:25:00+00:00,10.187,10.197,10.166,10.172,31137.4
2026-03-13 14:30:00+00:00,10.172,10.201,10.156,10.172,17806.1
2026-03-13 14:35:00+00:00,10.172,10.172,10.117,10.137,28949.0
2026-03-13 14:40:00+00:00,10.137,10.149,10.07,10.075,96350.2
2026-03-13 14:45:00+00:00,10.075,10.078,10.0,10.013,193754.2
2026-03-13 14:50:00+00:00,10.013,10.024,9.963,9.984,156364.1
2026-03-13 14:55:00+00:00,9.984,9.997,9.938,9.959,75936.2
2026-03-13 15:00:00+00:00,9.959,9.998,9.943,9.984,58645.9
2026-03-13 15:05:00+00:00,9.984,10.024,9.967,10.02,35893.7
2026-03-13 15:10:00+00:00,10.02,10.035,10.009,10.016,34236.1
2026-03-13 15:15:00+00:00,10.016,10.035,10.007,10.023,22488.1
2026-03-13 15:20:00+00:00,10.023,10.033,9.994,10.003,15498.0
2026-03-13 15:25:00+00:00,10.003,10.006,9.961,9.968,19670.3
2026-03-13 15:30:00+00:00,9.968,9.996,9.956,9.988,14880.4
2026-03-13 15:35:00+00:00,9.988,9.988,9.93,9.951,15145.5
2026-03-13 15:40:00+00:00,9.951,9.953,9.894,9.921,82296.6
2026-03-13 15:45:00+00:00,9.921,9.955,9.91,9.935,44225.5
2026-03-13 15:50:00+00:00,9.935,9.945,9.875,9.89,23465.1
2026-03-13 15:55:00+00:00,9.89,9.898,9.863,9.891,20177.0
2026-03-13 16:00:00+00:00,9.891,9.912,9.875,9.881,67712.0
2026-03-13 16:05:00+00:00,9.881,9.911,9.85,9.9,31612.2
2026-03-13 16:10:00+00:00,9.9,9.906,9.873,9.887,14987.1
2026-03-13 16:15:00+00:00,9.887,9.891,9.855,9.859,17425.1
2026-03-13 16:20:00+00:00,9.859,9.877,9.851,9.86,17213.9
2026-03-13 16:25:00+00:00,9.86,9.866,9.825,9.864,50672.5
2026-03-13 16:30:00+00:00,9.864,9.893,9.861,9.882,23093.2
2026-03-13 16:35:00+00:00,9.882,9.907,9.878,9.903,12271.9
2026-03-13 16:40:00+00:00,9.903,9.911,9.892,9.905,15217.1
2026-03-13 16:45:00+00:00,9.905,9.909,9.897,9.901,8032.4
2026-03-13 16:50:00+00:00,9.901,9.924,9.896,9.911,29577.8
2026-03-13 16:55:00+00:00,9.911,9.911,9.885,9.89,33320.5
2026-03-13 17:00:00+00:00,9.89,9.894,9.877,9.885,4134.2
2026-03-13 17:05:00+00:00,9.885,9.903,9.873,9.901,8846.4
2026-03-13 17:10:00+00:00,9.901,9.904,9.888,9.893,19152.8
2026-03-13 17:15:00+00:00,9.893,9.91,9.874,9.893,17207.8
2026-03-13 17:20:00+00:00,9.893,9.899,9.865,9.865,10842.5
2026-03-13 17:25:00+00:00,9.865,9.868,9.817,9.833,48197.1
2026-03-13 17:30:00+00:00,9.833,9.834,9.816,9.82,16613.2
2026-03-13 17:35:00+00:00,9.82,9.824,9.774,9.8,54037.7
2026-03-13 17:40:00+00:00,9.8,9.8,9.756,9.768,46479.7
2026-03-13 17:45:00+00:00,9.768,9.776,9.73,9.741,37052.0
2026-03-13 17:50:00+00:00,9.741,9.756,9.711,9.75,53848.9
2026-03-13 17:55:00+00:00,9.75,9.764,9.729,9.754,34413.3
2026-03-13 18:00:00+00:00,9.754,9.767,9.748,9.767,19253.0
2026-03-13 18:05:00+00:00,9.767,9.769,9.756,9.759,16677.0
2026-03-13 18:10:00+00:00,9.759,9.782,9.747,9.776,18375.2
2026-03-13 18:15:00+00:00,9.776,9.786,9.731,9.758,29615.4
2026-03-13 18:20:00+00:00,9.758,9.768,9.731,9.745,20715.5
2026-03-13 18:25:00+00:00,9.745,9.776,9.744,9.776,9439.8
2026-03-13 18:30:00+00:00,9.776,9.797,9.771,9.789,13560.8
2026-03-13 18:35:00+00:00,9.789,9.801,9.784,9.791,3697.9
2026-03-13 18:40:00+00:00,9.791,9.815,9.79,9.801,13258.2
2026-03-13 18:45:00+00:00,9.801,9.802,9.774,9.784,4977.7
2026-03-13 18:50:00+00:00,9.784,9.784,9.758,9.772,8595.6
2026-03-13 18:55:00+00:00,9.772,9.777,9.762,9.77,2301.2
2026-03-13 19:00:00+00:00,9.77,9.771,9.746,9.756,15901.4
2026-03-13 19:05:00+00:00,9.756,9.785,9.746,9.768,12772.5
2026-03-13 19:10:00+00:00,9.768,9.776,9.765,9.766,2945.1
2026-03-13 19:15:00+00:00,9.766,9.778,9.765,9.768,6910.4
2026-03-13 19:20:00+00:00,9.768,9.771,9.744,9.771,4294.3
2026-03-13 19:25:00+00:00,9.771,9.771,9.736,9.743,29436.2
2026-03-13 19:30:00+00:00,9.743,9.767,9.743,9.758,5079.4
2026-03-13 19:35:00+00:00,9.758,9.764,9.752,9.756,3487.6
2026-03-13 19:40:00+00:00,9.756,9.764,9.751,9.764,3485.0
2026-03-13 19:45:00+00:00,9.764,9.776,9.759,9.765,24067.0
2026-03-13 19:50:00+00:00,9.765,9.774,9.756,9.769,15982.3
2026-03-13 19:55:00+00:00,9.769,9.778,9.761,9.768,14915.5
2026-03-13 20:00:00+00:00,9.768,9.768,9.747,9.753,13013.1
2026-03-13 20:05:00+00:00,9.753,9.769,9.753,9.765,7758.1
2026-03-13 20:10:00+00:00,9.765,9.787,9.761,9.787,8941.1
2026-03-13 20:15:00+00:00,9.787,9.797,9.776,9.794,5862.5
2026-03-13 20:20:00+00:00,9.794,9.795,9.783,9.788,3568.2
2026-03-13 20:25:00+00:00,9.788,9.788,9.773,9.775,6868.5
2026-03-13 20:30:00+00:00,9.775,9.783,9.76,9.772,32953.7
2026-03-13 20:35:00+00:00,9.772,9.774,9.766,9.772,3500.1
2026-03-13 20:40:00+00:00,9.772,9.772,9.765,9.772,1934.7
2026-03-13 20:45:00+00:00,9.772,9.793,9.771,9.785,12172.7
2026-03-13 20:50:00+00:00,9.785,9.798,9.781,9.792,2689.9
2026-03-13 20:55:00+00:00,9.792,9.792,9.78,9.788,7923.9
2026-03-13 21:00:00+00:00,9.788,9.808,9.788,9.804,9657.1
2026-03-13 21:05:00+00:00,9.804,9.817,9.802,9.812,9201.4
2026-03-13 21:10:00+00:00,9.812,9.816,9.8,9.81,15594.5
2026-03-13 21:15:00+00:00,9.81,9.81,9.791,9.803,7201.6
2026-03-13 21:20:00+00:00,9.803,9.805,9.783,9.79,7773.9
2026-03-13 21:25:00+00:00,9.79,9.79,9.751,9.751,11942.7
2026-03-13 21:30:00+00:00,9.751,9.76,9.739,9.754,7150.5
2026-03-13 21:35:00+00:00,9.754,9.769,9.732,9.741,8603.2
2026-03-13 21:40:00+00:00,9.741,9.761,9.736,9.756,6910.6
2026-03-13 21:45:00+00:00,9.756,9.769,9.754,9.766,4303.8
2026-03-13 21:50:00+00:00,9.766,9.768,9.763,9.765,732.5
2026-03-13 21:55:00+00:00,9.765,9.767,9.756,9.756,2010.2
2026-03-13 22:00:00+00:00,9.756,9.758,9.671,9.705,72906.7
2026-03-13 22:05:00+00:00,9.705,9.723,9.701,9.71,19458.8
2026-03-13 22:10:00+00:00,9.71,9.731,9.71,9.721,9245.1
2026-03-13 22:15:00+00:00,9.721,9.721,9.679,9.697,26256.0
2026-03-13 22:20:00+00:00,9.697,9.697,9.679,9.686,10567.0
2026-03-13 22:25:00+00:00,9.686,9.692,9.681,9.683,5917.2
2026-03-13 22:30:00+00:00,9.683,9.688,9.651,9.688,91060.7
2026-03-13 22:35:00+00:00,9.688,9.7,9.671,9.673,6254.1
2026-03-13 22:40:00+00:00,9.673,9.69,9.673,9.684,3524.7
2026-03-13 22:45:00+00:00,9.684,9.688,9.679,9.687,2949.3
2026-03-13 22:50:00+00:00,9.687,9.709,9.676,9.709,8158.1
2026-03-13 22:55:00+00:00,9.709,9.709,9.696,9.705,1845.8
2026-03-13 23:00:00+00:00,9.705,9.705,9.689,9.696,5238.5
2026-03-13 23:05:00+00:00,9.696,9.704,9.692,9.699,4309.9
2026-03-13 23:10:00+00:00,9.699,9.707,9.699,9.704,6076.4
2026-03-13 23:15:00+00:00,9.704,9.714,9.701,9.713,2129.3
2026-03-13 23:20:00+00:00,9.713,9.718,9.707,9.716,1453.2
2026-03-13 23:25:00+00:00,9.716,9.723,9.709,9.713,12663.5
2026-03-13 23:30:00+00:00,9.713,9.719,9.712,9.715,2491.1
2026-03-13 23:35:00+00:00,9.715,9.727,9.715,9.718,3622.2
2026-03-13 23:40:00+00:00,9.718,9.722,9.716,9.719,1287.9
2026-03-13 23:45:00+00:00,9.719,9.724,9.712,9.716,2695.4
2026-03-13 23:50:00+00:00,9.716,9.716,9.71,9.713,1562.2
2026-03-13 23:55:00+00:00,9.713,9.714,9.703,9.713,2354.6
2026-03-14 00:00:00+00:00,9.713,9.713,9.687,9.691,11759.1
2026-03-14 00:05:00+00:00,9.691,9.706,9.69,9.704,9789.3
2026-03-14 00:10:00+00:00,9.704,9.707,9.696,9.706,1525.5
2026-03-14 00:15:00+00:00,9.706,9.709,9.691,9.697,2797.3
2026-03-14 00:20:00+00:00,9.697,9.709,9.695,9.705,6178.7
2026-03-14 00:25:00+00:00,9.705,9.709,9.697,9.709,3407.2
2026-03-14 00:30:00+00:00,9.709,9.71,9.702,9.709,4889.3
2026-03-14 00:35:00+00:00,9.709,9.711,9.683,9.683,5879.9
2026-03-14 00:40:00+00:00,9.683,9.694,9.669,9.67,11633.5
2026-03-14 00:45:00+00:00,9.67,9.675,9.64,9.657,27783.9
2026-03-14 00:50:00+00:00,9.657,9.663,9.652,9.656,4268.6
2026-03-14 00:55:00+00:00,9.656,9.666,9.653,9.659,2400.3
2026-03-14 01:00:00+00:00,9.659,9.682,9.65,9.675,8252.9
2026-03-14 01:05:00+00:00,9.675,9.678,9.67,9.678,1434.2
2026-03-14 01:10:00+00:00,9.678,9.678,9.651,9.659,3262.2
2026-03-14 01:15:00+00:00,9.659,9.674,9.659,9.67,3500.0
2026-03-14 01:20:00+00:00,9.67,9.687,9.67,9.683,4171.3
2026-03-14 01:25:00+00:00,9.683,9.685,9.675,9.678,4175.0
2026-03-14 01:30:00+00:00,9.678,9.683,9.662,9.663,8837.4
2026-03-14 01:35:00+00:00,9.663,9.668,9.623,9.664,40414.0
2026-03-14 01:40:00+00:00,9.664,9.682,9.662,9.676,6415.6
2026-03-14 01:45:00+00:00,9.676,9.697,9.676,9.694,4622.7
2026-03-14 01:50:00+00:00,9.694,9.697,9.685,9.696,8888.2
2026-03-14 01:55:00+00:00,9.696,9.704,9.693,9.697,10625.2
2026-03-14 02:00:00+00:00,9.697,9.698,9.689,9.697,1342.2
2026-03-14 02:05:00+00:00,9.697,9.703,9.687,9.689,2045.4
2026-03-14 02:10:00+00:00,9.689,9.703,9.688,9.703,3377.7
2026-03-14 02:15:00+00:00,9.703,9.704,9.691,9.692,2061.9
2026-03-14 02:20:00+00:00,9.692,9.692,9.678,9.682,3267.9
2026-03-14 02:25:00+00:00,9.682,9.683,9.674,9.678,6853.4
2026-03-14 02:30:00+00:00,9.678,9.685,9.669,9.685,2374.5
2026-03-14 02:35:00+00:00,9.685,9.686,9.671,9.676,1764.2
2026-03-14 02:40:00+00:00,9.676,9.684,9.676,9.678,474.7
2026-03-14 02:45:00+00:00,9.678,9.688,9.678,9.688,1019.3
2026-03-14 02:50:00+00:00,9.688,9.714,9.688,9.707,4318.2
2026-03-14 02:55:00+00:00,9.707,9.718,9.703,9.703,7990.1
2026-03-14 03:00:00+00:00,9.703,9.709,9.699,9.706,6464.8
2026-03-14 03:05:00+00:00,9.706,9.721,9.706,9.721,1454.8
2026-03-14 03:10:00+00:00,9.721,9.722,9.713,9.715,2667.3
2026-03-14 03:15:00+00:00,9.715,9.728,9.713,9.717,7051.1
2026-03-14 03:20:00+00:00,9.717,9.72,9.712,9.718,3965.1
2026-03-14 03:25:00+00:00,9.718,9.733,9.718,9.73,2919.5
2026-03-14 03:30:00+00:00,9.73,9.752,9.73,9.747,17650.1
2026-03-14 03:35:00+00:00,9.747,9.747,9.731,9.745,3018.1
2026-03-14 03:40:00+00:00,9.745,9.747,9.732,9.732,8343.6
2026-03-14 03:45:00+00:00,9.732,9.734,9.727,9.73,6275.2
2026-03-14 03:50:00+00:00,9.73,9.735,9.724,9.735,11146.4
2026-03-14 03:55:00+00:00,9.735,9.735,9.726,9.734,1361.3
2026-03-14 04:00:00+00:00,9.734,9.736,9.723,9.723,13535.0
2026-03-14 04:05:00+00:00,9.723,9.729,9.717,9.727,5079.9
2026-03-14 04:10:00+00:00,9.727,9.735,9.721,9.729,17156.4
2026-03-14 04:15:00+00:00,9.729,9.734,9.719,9.719,22248.1
2026-03-14 04:20:00+00:00,9.719,9.721,9.714,9.719,2166.9
2026-03-14 04:25:00+00:00,9.719,9.74,9.718,9.74,3083.2
2026-03-14 04:30:00+00:00,9.74,9.744,9.732,9.741,3293.0
2026-03-14 04:35:00+00:00,9.741,9.767,9.741,9.758,10061.2
2026-03-14 04:40:00+00:00,9.758,9.764,9.75,9.764,16927.4
2026-03-14 04:45:00+00:00,9.764,9.771,9.757,9.771,6145.4
2026-03-14 04:50:00+00:00,9.771,9.772,9.711,9.714,24680.1
2026-03-14 04:55:00+00:00,9.714,9.717,9.704,9.708,3662.4
2026-03-14 05:00:00+00:00,9.708,9.71,9.693,9.693,19658.9
2026-03-14 05:05:00+00:00,9.693,9.7,9.681,9.691,9791.9
2026-03-14 05:10:00+00:00,9.691,9.693,9.678,9.682,2734.6
2026-03-14 05:15:00+00:00,9.682,9.682,9.669,9.673,7764.9
2026-03-14 05:20:00+00:00,9.673,9.68,9.67,9.678,1107.9
2026-03-14 05:25:00+00:00,9.678,9.686,9.674,9.674,1407.2
2026-03-14 05:30:00+00:00,9.674,9.677,9.642,9.646,12473.6
2026-03-14 05:35:00+00:00,9.646,9.652,9.631,9.65,16057.6
2026-03-14 05:40:00+00:00,9.65,9.653,9.641,9.65,2233.7
2026-03-14 05:45:00+00:00,9.65,9.654,9.648,9.654,1618.3
2026-03-14 05:50:00+00:00,9.654,9.662,9.644,9.66,24288.2
2026-03-14 05:55:00+00:00,9.66,9.67,9.659,9.665,1371.8
2026-03-14 06:00:00+00:00,9.665,9.665,9.652,9.658,5297.0
2026-03-14 06:05:00+00:00,9.658,9.663,9.655,9.657,1548.3
2026-03-14 06:10:00+00:00,9.657,9.659,9.651,9.656,3793.1
2026-03-14 06:15:00+00:00,9.656,9.657,9.633,9.639,5491.0
2026-03-14 06:20:00+00:00,9.639,9.645,9.628,9.628,3737.1
2026-03-14 06:25:00+00:00,9.628,9.634,9.618,9.621,20103.3
2026-03-14 06:30:00+00:00,9.621,9.622,9.569,9.607,50152.2
2026-03-14 06:35:00+00:00,9.607,9.613,9.575,9.586,24568.5
2026-03-14 06:40:00+00:00,9.586,9.603,9.57,9.59,20836.4
2026-03-14 06:45:00+00:00,9.59,9.616,9.582,9.613,23036.3
2026-03-14 06:50:00+00:00,9.613,9.613,9.599,9.606,17158.6
2026-03-14 06:55:00+00:00,9.606,9.618,9.605,9.614,7038.7
2026-03-14 07:00:00+00:00,9.614,9.614,9.588,9.598,21219.4
2026-03-14 07:05:00+00:00,9.598,9.61,9.594,9.61,6712.7
2026-03-14 07:10:00+00:00,9.61,9.61,9.601,9.607,3615.2
2026-03-14 07:15:00+00:00,9.607,9.607,9.59,9.592,3603.4
2026-03-14 07:20:00+00:00,9.592,9.596,9.585,9.594,4987.9
2026-03-14 07:25:00+00:00,9.594,9.61,9.594,9.604,3056.8
2026-03-14 07:30:00+00:00,9.604,9.607,9.596,9.6,7813.1
2026-03-14 07:35:00+00:00,9.6,9.6,9.581,9.594,1977.5
2026-03-14 07:40:00+00:00,9.594,9.595,9.58,9.589,5805.7
2026-03-14 07:45:00+00:00,9.589,9.591,9.579,9.587,3193.5
2026-03-14 07:50:00+00:00,9.587,9.598,9.587,9.592,5186.3
2026-03-14 07:55:00+00:00,9.592,9.598,9.583,9.586,9461.3
2026-03-14 08:00:00+00:00,9.586,9.586,9.568,9.584,22947.7
2026-03-14 08:05:00+00:00,9.584,9.596,9.584,9.587,18695.5
2026-03-14 08:10:00+00:00,9.587,9.596,9.586,9.594,10340.7
2026-03-14 08:15:00+00:00,9.594,9.604,9.58,9.582,15356.2
2026-03-14 08:20:00+00:00,9.582,9.599,9.579,9.594,5409.8
2026-03-14 08:25:00+00:00,9.594,9.603,9.593,9.601,9083.0
2026-03-14 08:30:00+00:00,9.601,9.605,9.59,9.603,5289.4
2026-03-14 08:35:00+00:00,9.603,9.604,9.587,9.59,2355.4
2026-03-14 08:40:00+00:00,9.59,9.598,9.585,9.586,7609.1
2026-03-14 08:45:00+00:00,9.586,9.592,9.583,9.587,4267.3
2026-03-14 08:50:00+00:00,9.587,9.597,9.586,9.594,2303.2
2026-03-14 08:55:00+00:00,9.594,9.595,9.587,9.591,5337.4
2026-03-14 09:00:00+00:00,9.591,9.603,9.58,9.602,6621.2
2026-03-14 09:05:00+00:00,9.602,9.607,9.596,9.603,3314.6
2026-03-14 09:10:00+00:00,9.603,9.603,9.594,9.6,5239.5
2026-03-14 09:15:00+00:00,9.6,9.601,9.584,9.595,4481.0
2026-03-14 09:20:00+00:00,9.595,9.596,9.579,9.586,7597.0
2026-03-14 09:25:00+00:00,9.586,9.588,9.58,9.587,2468.5
2026-03-14 09:30:00+00:00,9.587,9.587,9.573,9.576,5434.0
2026-03-14 09:35:00+00:00,9.576,9.579,9.569,9.573,7268.1
2026-03-14 09:40:00+00:00,9.573,9.576,9.572,9.575,2028.6
2026-03-14 09:45:00+00:00,9.575,9.576,9.537,9.547,40351.6
2026-03-14 09:50:00+00:00,9.547,9.564,9.546,9.547,11438.4
2026-03-14 09:55:00+00:00,9.547,9.558,9.546,9.551,5402.6
2026-03-14 10:00:00+00:00,9.551,9.552,9.514,9.542,60346.9
2026-03-14 10:05:00+00:00,9.542,9.545,9.536,9.541,8599.4
2026-03-14 10:10:00+00:00,9.541,9.543,9.525,9.543,7499.4
2026-03-14 10:15:00+00:00,9.543,9.543,9.513,9.533,26611.8
2026-03-14 10:20:00+00:00,9.533,9.537,9.528,9.533,9832.9
2026-03-14 10:25:00+00:00,9.533,9.548,9.533,9.547,14909.1
2026-03-14 10:30:00+00:00,9.547,9.548,9.536,9.548,4946.7
2026-03-14 10:35:00+00:00,9.548,9.552,9.539,9.545,9401.0
2026-03-14 10:40:00+00:00,9.545,9.551,9.542,9.548,3411.7
2026-03-14 10:45:00+00:00,9.548,9.554,9.544,9.547,19810.4
2026-03-14 10:50:00+00:00,9.547,9.549,9.542,9.549,5325.0
2026-03-14 10:55:00+00:00,9.549,9.551,9.544,9.544,4718.8
2026-03-14 11:00:00+00:00,9.544,9.564,9.538,9.559,15810.3
2026-03-14 11:05:00+00:00,9.559,9.56,9.551,9.554,7036.6
2026-03-14 11:10:00+00:00,9.554,9.557,9.544,9.544,1327.1
2026-03-14 11:15:00+00:00,9.544,9.55,9.541,9.546,5551.8
2026-03-14 11:20:00+00:00,9.546,9.556,9.542,9.554,7102.4
2026-03-14 11:25:00+00:00,9.554,9.563,9.553,9.555,4334.0
2026-03-14 11:30:00+00:00,9.555,9.563,9.555,9.563,3850.3
2026-03-14 11:35:00+00:00,9.563,9.569,9.562,9.568,4270.1
2026-03-14 11:40:00+00:00,9.568,9.569,9.563,9.564,2171.1
2026-03-14 11:45:00+00:00,9.564,9.57,9.563,9.565,4361.3
2026-03-14 11:50:00+00:00,9.565,9.583,9.562,9.563,20635.5
2026-03-14 11:55:00+00:00,9.563,9.567,9.556,9.563,11009.5
2026-03-14 12:00:00+00:00,9.563,9.568,9.552,9.556,7363.8
2026-03-14 12:05:00+00:00,9.556,9.565,9.556,9.559,4644.2
2026-03-14 12:10:00+00:00,9.559,9.561,9.553,9.558,5344.4
2026-03-14 12:15:00+00:00,9.558,9.558,9.548,9.548,1692.5
2026-03-14 12:20:00+00:00,9.548,9.555,9.546,9.554,4711.7
2026-03-14 12:25:00+00:00,9.554,9.556,9.545,9.546,2179.6
2026-03-14 12:30:00+00:00,9.546,9.554,9.542,9.547,14001.3
2026-03-14 12:35:00+00:00,9.547,9.55,9.54,9.549,9143.8
2026-03-14 12:40:00+00:00,9.549,9.556,9.542,9.543,11746.8
2026-03-14 12:45:00+00:00,9.543,9.551,9.541,9.549,8902.2
2026-03-14 12:50:00+00:00,9.549,9.556,9.547,9.554,12236.2
2026-03-14 12:55:00+00:00,9.554,9.559,9.548,9.559,5629.1
2026-03-14 13:00:00+00:00,9.559,9.559,9.551,9.557,2241.5
2026-03-14 13:05:00+00:00,9.557,9.558,9.551,9.556,13328.6
2026-03-14 13:10:00+00:00,9.556,9.556,9.547,9.553,3189.3
2026-03-14 13:15:00+00:00,9.553,9.564,9.551,9.564,3952.0
2026-03-14 13:20:00+00:00,9.564,9.57,9.558,9.57,5638.8
2026-03-14 13:25:00+00:00,9.57,9.588,9.57,9.574,11373.1
2026-03-14 13:30:00+00:00,9.574,9.581,9.57,9.58,5147.9
2026-03-14 13:35:00+00:00,9.58,9.58,9.567,9.568,1921.1
2026-03-14 13:40:00+00:00,9.568,9.57,9.561,9.568,7330.0
2026-03-14 13:45:00+00:00,9.568,9.568,9.559,9.562,5697.3
2026-03-14 13:50:00+00:00,9.562,9.564,9.555,9.564,2571.6
2026-03-14 13:55:00+00:00,9.564,9.566,9.559,9.564,2363.0
2026-03-14 14:00:00+00:00,9.564,9.571,9.561,9.57,3496.0
2026-03-14 14:05:00+00:00,9.57,9.575,9.559,9.559,3661.3
2026-03-14 14:10:00+00:00,9.559,9.559,9.551,9.556,4074.5
2026-03-14 14:15:00+00:00,9.556,9.564,9.551,9.554,4134.6
2026-03-14 14:20:00+00:00,9.554,9.558,9.552,9.554,1528.6
2026-03-14 14:25:00+00:00,9.554,9.568,9.554,9.567,4683.8
2026-03-14 14:30:00+00:00,9.567,9.577,9.548,9.561,11388.9
2026-03-14 14:35:00+00:00,9.561,9.568,9.556,9.558,8153.4
2026-03-14 14:40:00+00:00,9.558,9.559,9.538,9.541,19813.6
2026-03-14 14:45:00+00:00,9.541,9.548,9.541,9.547,4374.0
2026-03-14 14:50:00+00:00,9.547,9.549,9.543,9.547,2542.1
2026-03-14 14:55:00+00:00,9.547,9.551,9.539,9.545,3017.3
2026-03-14 15:00:00+00:00,9.545,9.559,9.539,9.545,7975.3
2026-03-14 15:05:00+00:00,9.545,9.549,9.541,9.544,2862.8
2026-03-14 15:10:00+00:00,9.544,9.548,9.54,9.547,2487.8
2026-03-14 15:15:00+00:00,9.547,9.555,9.541,9.553,9520.4
2026-03-14 15:20:00+00:00,9.553,9.557,9.551,9.552,1815.4
2026-03-14 15:25:00+00:00,9.552,9.559,9.551,9.554,4015.3
2026-03-14 15:30:00+00:00,9.554,9.555,9.537,9.549,7275.8
2026-03-14 15:35:00+00:00,9.549,9.556,9.542,9.553,6330.0
2026-03-14 15:40:00+00:00,9.553,9.553,9.547,9.55,778.3
2026-03-14 15:45:00+00:00,9.55,9.558,9.55,9.556,4055.2
2026-03-14 15:50:00+00:00,9.556,9.569,9.556,9.565,3194.8
2026-03-14 15:55:00+00:00,9.565,9.566,9.555,9.555,2973.2
2026-03-14 16:00:00+00:00,9.555,9.557,9.547,9.557,3987.8
2026-03-14 16:05:00+00:00,9.557,9.557,9.542,9.554,5718.7
2026-03-14 16:10:00+00:00,9.554,9.556,9.551,9.555,1747.8
2026-03-14 16:15:00+00:00,9.555,9.573,9.554,9.567,3704.2
2026-03-14 16:20:00+00:00,9.567,9.571,9.564,9.57,2699.6
2026-03-14 16:25:00+00:00,9.57,9.58,9.57,9.579,8154.8
2026-03-14 16:30:00+00:00,9.579,9.591,9.578,9.588,4409.4
2026-03-14 16:35:00+00:00,9.588,9.593,9.582,9.582,2672.8
2026-03-14 16:40:00+00:00,9.582,9.589,9.58,9.587,3781.7
2026-03-14 16:45:00+00:00,9.587,9.592,9.581,9.591,2073.9
2026-03-14 16:50:00+00:00,9.591,9.6,9.591,9.599,2878.0
2026-03-14 16:55:00+00:00,9.599,9.6,9.597,9.599,1871.0
2026-03-14 17:00:00+00:00,9.599,9.599,9.592,9.592,2045.4
2026-03-14 17:05:00+00:00,9.592,9.594,9.587,9.591,2628.5
2026-03-14 17:10:00+00:00,9.591,9.596,9.588,9.59,1882.0
2026-03-14 17:15:00+00:00,9.59,9.598,9.587,9.592,2393.8
2026-03-14 17:20:00+00:00,9.592,9.592,9.586,9.588,1403.8
2026-03-14 17:25:00+00:00,9.588,9.589,9.583,9.586,1486.2
2026-03-14 17:30:00+00:00,9.586,9.587,9.575,9.575,1951.4
2026-03-14 17:35:00+00:00,9.575,9.579,9.575,9.576,467.7
2026-03-14 17:40:00+00:00,9.576,9.582,9.574,9.575,4699.6
2026-03-14 17:45:00+00:00,9.575,9.579,9.573,9.575,7374.4
2026-03-14 17:50:00+00:00,9.575,9.575,9.563,9.564,5065.7
2026-03-14 17:55:00+00:00,9.564,9.575,9.564,9.573,3310.5
2026-03-14 18:00:00+00:00,9.573,9.573,9.558,9.561,7202.8
2026-03-14 18:05:00+00:00,9.561,9.561,9.546,9.556,20150.2
2026-03-14 18:10:00+00:00,9.556,9.559,9.552,9.553,978.3
2026-03-14 18:15:00+00:00,9.553,9.558,9.547,9.557,4328.0
2026-03-14 18:20:00+00:00,9.557,9.557,9.552,9.555,2938.6
2026-03-14 18:25:00+00:00,9.555,9.562,9.555,9.559,2287.7
2026-03-14 18:30:00+00:00,9.559,9.568,9.559,9.566,6698.2
2026-03-14 18:35:00+00:00,9.566,9.566,9.561,9.563,1981.5
2026-03-14 18:40:00+00:00,9.563,9.577,9.562,9.571,3669.3
2026-03-14 18:45:00+00:00,9.571,9.574,9.567,9.572,1205.6
2026-03-14 18:50:00+00:00,9.572,9.573,9.566,9.568,4373.5
2026-03-14 18:55:00+00:00,9.568,9.582,9.562,9.563,19833.6
2026-03-14 19:00:00+00:00,9.563,9.566,9.553,9.553,4984.9
